'sample interval','II'
'0.002 sec','mV'
0,0.645
1,0.640
2,0.625
3,0.625
4,0.630
5,0.660
6,0.615
7,0.615
8,0.580
9,0.585
10,0.565
11,0.525
12,0.535
13,0.570
14,0.540
15,0.535
16,0.495
17,0.470
18,0.430
19,0.430
20,0.450
21,0.460
22,0.430
23,0.420
24,0.415
25,0.375
26,0.350
27,0.305
28,0.295
29,0.290
30,0.310
31,0.260
32,0.250
33,0.305
34,0.330
35,0.415
36,0.450
37,0.510
38,0.540
39,0.555
40,0.560
41,0.545
42,0.505
43,0.515
44,0.520
45,0.550
46,0.540
47,0.560
48,0.565
49,0.530
50,0.480
51,0.465
52,0.430
53,0.475
54,0.475
55,0.465
56,0.465
57,0.455
58,0.395
59,0.360
60,0.330
61,0.335
62,0.300
63,0.265
64,0.225
65,0.205
66,0.125
67,0.100
68,0.070
69,0.045
70,0.005
71,0.020
72,-0.015
73,-0.050
74,-0.065
75,-0.120
76,-0.190
77,-0.170
78,-0.190
79,-0.165
80,-0.145
81,-0.150
82,-0.140
83,-0.180
84,-0.220
85,-0.175
86,-0.190
87,-0.165
88,-0.135
89,-0.145
90,-0.140
91,-0.170
92,-0.180
93,-0.190
94,-0.180
95,-0.165
96,-0.160
97,-0.130
98,-0.130
99,-0.180
100,-0.155
101,-0.210
102,-0.195
103,-0.175
104,-0.175
105,-0.140
106,-0.125
107,-0.140
108,-0.170
109,-0.220
110,-0.170
111,-0.170
112,-0.155
113,-0.130
114,-0.165
115,-0.140
116,-0.170
117,-0.180
118,-0.175
119,-0.185
120,-0.150
121,-0.125
122,-0.150
123,-0.145
124,-0.155
125,-0.180
126,-0.210
127,-0.195
128,-0.160
129,-0.150
130,-0.130
131,-0.125
132,-0.165
133,-0.140
134,-0.175
135,-0.170
136,-0.155
137,-0.160
138,-0.160
139,-0.145
140,-0.130
141,-0.180
142,-0.170
143,-0.190
144,-0.180
145,-0.170
146,-0.140
147,-0.135
148,-0.140
149,-0.145
150,-0.160
151,-0.170
152,-0.175
153,-0.170
154,-0.135
155,-0.145
156,-0.125
157,-0.135
158,-0.155
159,-0.185
160,-0.160
161,-0.170
162,-0.165
163,-0.160
164,-0.145
165,-0.125
166,-0.170
167,-0.175
168,-0.180
169,-0.155
170,-0.155
171,-0.150
172,-0.140
173,-0.125
174,-0.145
175,-0.155
176,-0.185
177,-0.165
178,-0.155
179,-0.160
180,-0.150
181,-0.125
182,-0.145
183,-0.145
184,-0.220
185,-0.175
186,-0.170
187,-0.160
188,-0.140
189,-0.130
190,-0.135
191,-0.150
192,-0.170
193,-0.170
194,-0.140
195,-0.140
196,-0.125
197,-0.135
198,-0.120
199,-0.160
200,-0.155
201,-0.185
202,-0.175
203,-0.175
204,-0.145
205,-0.130
206,-0.110
207,-0.160
208,-0.160
209,-0.165
210,-0.165
211,-0.175
212,-0.155
213,-0.130
214,-0.125
215,-0.120
216,-0.165
217,-0.165
218,-0.165
219,-0.155
220,-0.160
221,-0.120
222,-0.130
223,-0.135
224,-0.145
225,-0.150
226,-0.180
227,-0.155
228,-0.185
229,-0.140
230,-0.140
231,-0.090
232,-0.135
233,-0.165
234,-0.165
235,-0.155
236,-0.160
237,-0.140
238,-0.130
239,-0.110
240,-0.150
241,-0.155
242,-0.180
243,-0.190
244,-0.150
245,-0.150
246,-0.115
247,-0.100
248,-0.130
249,-0.145
250,-0.170
251,-0.175
252,-0.175
253,-0.155
254,-0.125
255,-0.125
256,-0.135
257,-0.110
258,-0.130
259,-0.180
260,-0.180
261,-0.145
262,-0.125
263,-0.145
264,-0.145
265,-0.135
266,-0.145
267,-0.185
268,-0.170
269,-0.155
270,-0.130
271,-0.125
272,-0.115
273,-0.120
274,-0.115
275,-0.150
276,-0.145
277,-0.160
278,-0.165
279,-0.140
280,-0.130
281,-0.120
282,-0.165
283,-0.155
284,-0.155
285,-0.150
286,-0.145
287,-0.140
288,-0.145
289,-0.135
290,-0.130
291,-0.130
292,-0.155
293,-0.180
294,-0.135
295,-0.170
296,-0.110
297,-0.095
298,-0.145
299,-0.120
300,-0.160
301,-0.180
302,-0.170
303,-0.170
304,-0.155
305,-0.125
306,-0.130
307,-0.110
308,-0.150
309,-0.175
310,-0.155
311,-0.140
312,-0.095
313,-0.050
314,-0.015
315,0.000
316,-0.005
317,0.035
318,0.025
319,0.090
320,0.110
321,0.160
322,0.180
323,0.175
324,0.175
325,0.155
326,0.135
327,0.140
328,0.155
329,0.155
330,0.165
331,0.180
332,0.170
333,0.125
334,0.105
335,0.075
336,0.080
337,0.075
338,0.055
339,0.040
340,0.005
341,-0.040
342,-0.110
343,-0.115
344,-0.130
345,-0.145
346,-0.115
347,-0.135
348,-0.135
349,-0.135
350,-0.135
351,-0.165
352,-0.160
353,-0.145
354,-0.130
355,-0.120
356,-0.140
357,-0.135
358,-0.115
359,-0.185
360,-0.160
361,-0.185
362,-0.135
363,-0.125
364,-0.135
365,-0.125
366,-0.145
367,-0.155
368,-0.180
369,-0.175
370,-0.150
371,-0.120
372,-0.115
373,-0.100
374,-0.160
375,-0.140
376,-0.170
377,-0.160
378,-0.145
379,-0.130
380,-0.125
381,-0.130
382,-0.120
383,-0.145
384,-0.160
385,-0.175
386,-0.135
387,-0.135
388,-0.115
389,-0.130
390,-0.145
391,-0.150
392,-0.215
393,-0.250
394,-0.275
395,-0.290
396,-0.285
397,-0.210
398,-0.120
399,0.050
400,0.215
401,0.395
402,0.620
403,0.930
404,1.210
405,1.420
406,1.660
407,1.825
408,1.790
409,1.640
410,1.435
411,1.255
412,1.010
413,0.985
414,0.990
415,0.985
416,0.975
417,0.995
418,0.985
419,0.975
420,0.995
421,1.005
422,1.010
423,1.030
424,1.010
425,1.010
426,0.975
427,0.975
428,0.990
429,0.995
430,1.020
431,0.995
432,1.025
433,1.015
434,0.970
435,0.970
436,0.960
437,0.985
438,0.985
439,0.960
440,0.985
441,0.965
442,0.945
443,0.905
444,0.940
445,0.930
446,0.970
447,0.950
448,0.965
449,0.945
450,0.900
451,0.870
452,0.865
453,0.865
454,0.905
455,0.925
456,0.930
457,0.885
458,0.915
459,0.855
460,0.850
461,0.840
462,0.840
463,0.850
464,0.860
465,0.860
466,0.825
467,0.780
468,0.780
469,0.790
470,0.800
471,0.820
472,0.765
473,0.830
474,0.765
475,0.750
476,0.705
477,0.700
478,0.740
479,0.730
480,0.715
481,0.720
482,0.685
483,0.680
484,0.635
485,0.655
486,0.625
487,0.650
488,0.645
489,0.675
490,0.640
491,0.600
492,0.555
493,0.560
494,0.575
495,0.575
496,0.575
497,0.580
498,0.565
499,0.550
500,0.530
501,0.485
502,0.490
503,0.480
504,0.510
505,0.470
506,0.475
507,0.470
508,0.425
509,0.405
510,0.365
511,0.395
512,0.410
513,0.355
514,0.355
515,0.360
516,0.320
517,0.295
518,0.225
519,0.250
520,0.205
521,0.215
522,0.220
523,0.245
524,0.315
525,0.360
526,0.365
527,0.440
528,0.435
529,0.500
530,0.500
531,0.510
532,0.485
533,0.500
534,0.465
535,0.480
536,0.490
537,0.495
538,0.495
539,0.525
540,0.480
541,0.445
542,0.440
543,0.395
544,0.425
545,0.405
546,0.410
547,0.405
548,0.400
549,0.365
550,0.325
551,0.255
552,0.255
553,0.220
554,0.210
555,0.190
556,0.145
557,0.110
558,0.060
559,0.005
560,-0.005
561,-0.045
562,-0.050
563,-0.110
564,-0.120
565,-0.130
566,-0.190
567,-0.220
568,-0.245
569,-0.235
570,-0.230
571,-0.200
572,-0.205
573,-0.200
574,-0.170
575,-0.190
576,-0.235
577,-0.220
578,-0.235
579,-0.210
580,-0.205
581,-0.200
582,-0.210
583,-0.195
584,-0.245
585,-0.200
586,-0.220
587,-0.215
588,-0.190
589,-0.185
590,-0.185
591,-0.220
592,-0.220
593,-0.235
594,-0.200
595,-0.220
596,-0.195
597,-0.210
598,-0.180
599,-0.200
600,-0.195
601,-0.240
602,-0.240
603,-0.215
604,-0.190
605,-0.205
606,-0.200
607,-0.190
608,-0.210
609,-0.225
610,-0.220
611,-0.220
612,-0.205
613,-0.190
614,-0.180
615,-0.190
616,-0.190
617,-0.250
618,-0.240
619,-0.205
620,-0.190
621,-0.210
622,-0.170
623,-0.190
624,-0.195
625,-0.205
626,-0.220
627,-0.220
628,-0.210
629,-0.170
630,-0.175
631,-0.180
632,-0.195
633,-0.195
634,-0.220
635,-0.210
636,-0.215
637,-0.195
638,-0.180
639,-0.195
640,-0.185
641,-0.215
642,-0.210
643,-0.220
644,-0.225
645,-0.210
646,-0.200
647,-0.170
648,-0.170
649,-0.190
650,-0.200
651,-0.230
652,-0.225
653,-0.215
654,-0.180
655,-0.185
656,-0.155
657,-0.170
658,-0.215
659,-0.245
660,-0.235
661,-0.220
662,-0.190
663,-0.155
664,-0.165
665,-0.190
666,-0.200
667,-0.235
668,-0.210
669,-0.235
670,-0.200
671,-0.200
672,-0.155
673,-0.165
674,-0.175
675,-0.190
676,-0.225
677,-0.210
678,-0.225
679,-0.195
680,-0.185
681,-0.175
682,-0.190
683,-0.205
684,-0.230
685,-0.215
686,-0.215
687,-0.180
688,-0.185
689,-0.160
690,-0.175
691,-0.190
692,-0.230
693,-0.220
694,-0.195
695,-0.175
696,-0.200
697,-0.150
698,-0.170
699,-0.160
700,-0.210
701,-0.185
702,-0.230
703,-0.195
704,-0.175
705,-0.190
706,-0.175
707,-0.180
708,-0.175
709,-0.200
710,-0.225
711,-0.215
712,-0.175
713,-0.170
714,-0.160
715,-0.165
716,-0.180
717,-0.220
718,-0.210
719,-0.195
720,-0.220
721,-0.185
722,-0.175
723,-0.185
724,-0.165
725,-0.200
726,-0.220
727,-0.215
728,-0.205
729,-0.185
730,-0.175
731,-0.145
732,-0.180
733,-0.180
734,-0.225
735,-0.205
736,-0.190
737,-0.190
738,-0.165
739,-0.150
740,-0.180
741,-0.175
742,-0.210
743,-0.245
744,-0.200
745,-0.190
746,-0.185
747,-0.145
748,-0.155
749,-0.180
750,-0.185
751,-0.215
752,-0.200
753,-0.185
754,-0.170
755,-0.150
756,-0.165
757,-0.160
758,-0.185
759,-0.220
760,-0.215
761,-0.195
762,-0.190
763,-0.195
764,-0.165
765,-0.170
766,-0.180
767,-0.225
768,-0.205
769,-0.185
770,-0.190
771,-0.165
772,-0.165
773,-0.160
774,-0.165
775,-0.185
776,-0.220
777,-0.185
778,-0.200
779,-0.170
780,-0.185
781,-0.170
782,-0.160
783,-0.195
784,-0.190
785,-0.225
786,-0.180
787,-0.185
788,-0.165
789,-0.155
790,-0.160
791,-0.165
792,-0.195
793,-0.215
794,-0.210
795,-0.170
796,-0.185
797,-0.180
798,-0.145
799,-0.170
800,-0.170
801,-0.205
802,-0.200
803,-0.150
804,-0.100
805,-0.070
806,-0.040
807,-0.015
808,0.020
809,-0.005
810,0.030
811,0.050
812,0.100
813,0.155
814,0.145
815,0.135
816,0.115
817,0.105
818,0.105
819,0.120
820,0.120
821,0.135
822,0.145
823,0.115
824,0.125
825,0.065
826,0.030
827,0.050
828,0.010
829,0.010
830,-0.005
831,-0.040
832,-0.055
833,-0.120
834,-0.165
835,-0.190
836,-0.180
837,-0.170
838,-0.165
839,-0.150
840,-0.165
841,-0.155
842,-0.195
843,-0.200
844,-0.210
845,-0.180
846,-0.185
847,-0.160
848,-0.160
849,-0.165
850,-0.185
851,-0.180
852,-0.210
853,-0.195
854,-0.175
855,-0.165
856,-0.160
857,-0.155
858,-0.190
859,-0.200
860,-0.230
861,-0.175
862,-0.175
863,-0.160
864,-0.185
865,-0.170
866,-0.175
867,-0.205
868,-0.210
869,-0.205
870,-0.195
871,-0.160
872,-0.155
873,-0.140
874,-0.145
875,-0.175
876,-0.195
877,-0.200
878,-0.175
879,-0.155
880,-0.175
881,-0.185
882,-0.170
883,-0.245
884,-0.310
885,-0.320
886,-0.350
887,-0.320
888,-0.235
889,-0.075
890,0.105
891,0.285
892,0.460
893,0.720
894,1.000
895,1.245
896,1.475
897,1.720
898,1.810
899,1.740
900,1.555
901,1.315
902,1.120
903,0.920
904,0.975
905,0.965
906,0.950
907,1.000
908,0.970
909,0.960
910,0.960
911,0.960
912,0.965
913,0.985
914,1.000
915,0.975
916,0.975
917,0.965
918,0.935
919,0.950
920,0.945
921,0.980
922,0.980
923,1.000
924,0.970
925,0.985
926,0.915
927,0.915
928,0.920
929,0.940
930,0.940
931,0.945
932,0.930
933,0.905
934,0.905
935,0.880
936,0.895
937,0.895
938,0.910
939,0.935
940,0.900
941,0.875
942,0.855
943,0.835
944,0.855
945,0.830
946,0.875
947,0.875
948,0.890
949,0.880
950,0.835
951,0.810
952,0.785
953,0.785
954,0.810
955,0.825
956,0.835
957,0.770
958,0.765
959,0.735
960,0.715
961,0.745
962,0.755
963,0.765
964,0.745
965,0.755
966,0.720
967,0.690
968,0.680
969,0.700
970,0.675
971,0.685
972,0.665
973,0.690
974,0.670
975,0.645
976,0.605
977,0.600
978,0.595
979,0.625
980,0.615
981,0.610
982,0.585
983,0.550
984,0.540
985,0.545
986,0.540
987,0.505
988,0.550
989,0.530
990,0.520
991,0.510
992,0.460
993,0.450
994,0.455
995,0.445
996,0.430
997,0.430
998,0.435
999,0.420
1000,0.370
1001,0.340
1002,0.355
1003,0.325
1004,0.315
1005,0.340
1006,0.310
1007,0.300
1008,0.250
1009,0.190
1010,0.175
1011,0.170
1012,0.135
1013,0.150
1014,0.230
1015,0.315
1016,0.335
1017,0.370
1018,0.395
1019,0.425
1020,0.420
1021,0.480
1022,0.470
1023,0.495
1024,0.485
1025,0.455
1026,0.425
1027,0.440
1028,0.475
1029,0.460
1030,0.465
1031,0.440
1032,0.430
1033,0.400
1034,0.395
1035,0.380
1036,0.360
1037,0.375
1038,0.395
1039,0.345
1040,0.330
1041,0.310
1042,0.250
1043,0.200
1044,0.185
1045,0.150
1046,0.125
1047,0.100
1048,0.065
1049,0.040
1050,-0.015
1051,-0.060
1052,-0.080
1053,-0.095
1054,-0.145
1055,-0.135
1056,-0.190
1057,-0.230
1058,-0.235
1059,-0.260
1060,-0.250
1061,-0.250
1062,-0.245
1063,-0.235
1064,-0.220
1065,-0.215
1066,-0.245
1067,-0.240
1068,-0.295
1069,-0.260
1070,-0.260
1071,-0.230
1072,-0.230
1073,-0.205
1074,-0.225
1075,-0.220
1076,-0.250
1077,-0.245
1078,-0.255
1079,-0.230
1080,-0.210
1081,-0.205
1082,-0.215
1083,-0.210
1084,-0.250
1085,-0.265
1086,-0.235
1087,-0.230
1088,-0.210
1089,-0.195
1090,-0.200
1091,-0.250
1092,-0.240
1093,-0.285
1094,-0.245
1095,-0.245
1096,-0.230
1097,-0.205
1098,-0.215
1099,-0.240
1100,-0.215
1101,-0.260
1102,-0.250
1103,-0.245
1104,-0.225
1105,-0.220
1106,-0.215
1107,-0.225
1108,-0.245
1109,-0.265
1110,-0.275
1111,-0.240
1112,-0.240
1113,-0.215
1114,-0.205
1115,-0.190
1116,-0.215
1117,-0.230
1118,-0.245
1119,-0.240
1120,-0.240
1121,-0.225
1122,-0.210
1123,-0.200
1124,-0.210
1125,-0.245
1126,-0.250
1127,-0.245
1128,-0.265
1129,-0.220
1130,-0.205
1131,-0.215
1132,-0.215
1133,-0.225
1134,-0.225
1135,-0.245
1136,-0.255
1137,-0.230
1138,-0.230
1139,-0.185
1140,-0.200
1141,-0.210
1142,-0.215
1143,-0.260
1144,-0.250
1145,-0.240
1146,-0.235
1147,-0.230
1148,-0.190
1149,-0.210
1150,-0.210
1151,-0.245
1152,-0.250
1153,-0.235
1154,-0.235
1155,-0.190
1156,-0.195
1157,-0.205
1158,-0.210
1159,-0.260
1160,-0.250
1161,-0.240
1162,-0.220
1163,-0.225
1164,-0.190
1165,-0.180
1166,-0.215
1167,-0.220
1168,-0.270
1169,-0.240
1170,-0.240
1171,-0.215
1172,-0.210
1173,-0.195
1174,-0.180
1175,-0.215
1176,-0.260
1177,-0.235
1178,-0.245
1179,-0.215
1180,-0.200
1181,-0.205
1182,-0.205
1183,-0.210
1184,-0.250
1185,-0.250
1186,-0.240
1187,-0.250
1188,-0.200
1189,-0.195
1190,-0.180
1191,-0.230
1192,-0.200
1193,-0.250
1194,-0.230
1195,-0.230
1196,-0.215
1197,-0.205
1198,-0.190
1199,-0.180
1200,-0.240
1201,-0.235
1202,-0.220
1203,-0.240
1204,-0.225
1205,-0.210
1206,-0.185
1207,-0.215
1208,-0.225
1209,-0.230
1210,-0.245
1211,-0.225
1212,-0.255
1213,-0.185
1214,-0.210
1215,-0.195
1216,-0.220
1217,-0.225
1218,-0.230
1219,-0.245
1220,-0.230
1221,-0.215
1222,-0.200
1223,-0.165
1224,-0.190
1225,-0.210
1226,-0.235
1227,-0.260
1228,-0.225
1229,-0.200
1230,-0.220
1231,-0.185
1232,-0.195
1233,-0.180
1234,-0.235
1235,-0.215
1236,-0.210
1237,-0.215
1238,-0.190
1239,-0.185
1240,-0.185
1241,-0.190
1242,-0.200
1243,-0.265
1244,-0.260
1245,-0.225
1246,-0.205
1247,-0.220
1248,-0.185
1249,-0.215
1250,-0.210
1251,-0.225
1252,-0.230
1253,-0.230
1254,-0.190
1255,-0.205
1256,-0.175
1257,-0.200
1258,-0.195
1259,-0.195
1260,-0.240
1261,-0.220
1262,-0.205
1263,-0.180
1264,-0.180
1265,-0.185
1266,-0.215
1267,-0.220
1268,-0.235
1269,-0.235
1270,-0.220
1271,-0.185
1272,-0.205
1273,-0.180
1274,-0.190
1275,-0.190
1276,-0.220
1277,-0.220
1278,-0.230
1279,-0.190
1280,-0.200
1281,-0.190
1282,-0.175
1283,-0.210
1284,-0.220
1285,-0.240
1286,-0.225
1287,-0.220
1288,-0.200
1289,-0.205
1290,-0.140
1291,-0.190
1292,-0.215
1293,-0.200
1294,-0.160
1295,-0.140
1296,-0.110
1297,-0.030
1298,-0.005
1299,0.030
1300,-0.005
1301,0.040
1302,0.045
1303,0.090
1304,0.095
1305,0.125
1306,0.125
1307,0.100
1308,0.095
1309,0.095
1310,0.055
1311,0.070
1312,0.095
1313,0.115
1314,0.110
1315,0.110
1316,0.060
1317,0.025
1318,0.010
1319,-0.030
1320,-0.045
1321,-0.050
1322,-0.095
1323,-0.110
1324,-0.125
1325,-0.170
1326,-0.225
1327,-0.230
1328,-0.205
1329,-0.200
1330,-0.180
1331,-0.200
1332,-0.175
1333,-0.190
1334,-0.235
1335,-0.220
1336,-0.215
1337,-0.195
1338,-0.175
1339,-0.180
1340,-0.185
1341,-0.195
1342,-0.190
1343,-0.225
1344,-0.220
1345,-0.215
1346,-0.210
1347,-0.185
1348,-0.170
1349,-0.180
1350,-0.170
1351,-0.240
1352,-0.240
1353,-0.225
1354,-0.205
1355,-0.200
1356,-0.195
1357,-0.185
1358,-0.185
1359,-0.215
1360,-0.225
1361,-0.205
1362,-0.200
1363,-0.175
1364,-0.195
1365,-0.165
1366,-0.180
1367,-0.205
1368,-0.215
1369,-0.230
1370,-0.200
1371,-0.205
1372,-0.195
1373,-0.220
1374,-0.265
1375,-0.330
1376,-0.360
1377,-0.375
1378,-0.315
1379,-0.220
1380,-0.035
1381,0.180
1382,0.350
1383,0.545
1384,0.805
1385,1.070
1386,1.275
1387,1.555
1388,1.750
1389,1.765
1390,1.660
1391,1.460
1392,1.260
1393,0.965
1394,0.895
1395,0.915
1396,0.920
1397,0.940
1398,0.995
1399,0.965
1400,0.935
1401,0.940
1402,0.935
1403,0.935
1404,0.955
1405,0.970
1406,0.970
1407,0.975
1408,0.950
1409,0.940
1410,0.925
1411,0.930
1412,0.935
1413,0.970
1414,0.960
1415,0.980
1416,0.965
1417,0.925
1418,0.880
1419,0.905
1420,0.865
1421,0.905
1422,0.905
1423,0.925
1424,0.920
1425,0.890
1426,0.865
1427,0.860
1428,0.855
1429,0.875
1430,0.905
1431,0.885
1432,0.865
1433,0.840
1434,0.830
1435,0.805
1436,0.820
1437,0.810
1438,0.850
1439,0.865
1440,0.885
1441,0.810
1442,0.785
1443,0.750
1444,0.740
1445,0.760
1446,0.770
1447,0.815
1448,0.750
1449,0.765
1450,0.755
1451,0.720
1452,0.725
1453,0.715
1454,0.745
1455,0.725
1456,0.730
1457,0.690
1458,0.685
1459,0.680
1460,0.640
1461,0.635
1462,0.635
1463,0.665
1464,0.640
1465,0.675
1466,0.645
1467,0.580
1468,0.570
1469,0.590
1470,0.565
1471,0.595
1472,0.555
1473,0.545
1474,0.560
1475,0.550
1476,0.495
1477,0.525
1478,0.470
1479,0.475
1480,0.505
1481,0.480
1482,0.500
1483,0.425
1484,0.455
1485,0.410
1486,0.385
1487,0.390
1488,0.405
1489,0.435
1490,0.395
1491,0.355
1492,0.360
1493,0.305
1494,0.290
1495,0.265
1496,0.290
1497,0.285
1498,0.280
1499,0.250
1500,0.195
1501,0.150
1502,0.125
1503,0.100
1504,0.145
1505,0.235
1506,0.305
1507,0.370
1508,0.400
1509,0.385
1510,0.390
1511,0.430
1512,0.425
1513,0.430
1514,0.460
1515,0.480
1516,0.455
1517,0.460
1518,0.390
1519,0.420
1520,0.420
1521,0.455
1522,0.415
1523,0.415
1524,0.400
1525,0.385
1526,0.365
1527,0.335
1528,0.330
1529,0.350
1530,0.305
1531,0.285
1532,0.305
1533,0.210
1534,0.180
1535,0.115
1536,0.115
1537,0.055
1538,0.075
1539,0.010
1540,0.035
1541,-0.030
1542,-0.095
1543,-0.135
1544,-0.160
1545,-0.180
1546,-0.175
1547,-0.230
1548,-0.230
1549,-0.255
1550,-0.240
1551,-0.270
1552,-0.275
1553,-0.280
1554,-0.255
1555,-0.245
1556,-0.250
1557,-0.225
1558,-0.255
1559,-0.285
1560,-0.295
1561,-0.265
1562,-0.275
1563,-0.240
1564,-0.245
1565,-0.215
1566,-0.240
1567,-0.240
1568,-0.275
1569,-0.280
1570,-0.285
1571,-0.240
1572,-0.230
1573,-0.245
1574,-0.200
1575,-0.275
1576,-0.265
1577,-0.285
1578,-0.275
1579,-0.270
1580,-0.250
1581,-0.245
1582,-0.225
1583,-0.265
1584,-0.300
1585,-0.270
1586,-0.285
1587,-0.270
1588,-0.255
1589,-0.215
1590,-0.225
1591,-0.260
1592,-0.255
1593,-0.280
1594,-0.285
1595,-0.265
1596,-0.240
1597,-0.235
1598,-0.230
1599,-0.240
1600,-0.245
1601,-0.265
1602,-0.280
1603,-0.265
1604,-0.260
1605,-0.230
1606,-0.210
1607,-0.240
1608,-0.235
1609,-0.280
1610,-0.305
1611,-0.260
1612,-0.240
1613,-0.255
1614,-0.240
1615,-0.235
1616,-0.245
1617,-0.255
1618,-0.295
1619,-0.285
1620,-0.265
1621,-0.245
1622,-0.255
1623,-0.240
1624,-0.230
1625,-0.225
1626,-0.250
1627,-0.285
1628,-0.250
1629,-0.245
1630,-0.220
1631,-0.225
1632,-0.225
1633,-0.220
1634,-0.275
1635,-0.260
1636,-0.270
1637,-0.270
1638,-0.225
1639,-0.235
1640,-0.225
1641,-0.230
1642,-0.245
1643,-0.285
1644,-0.275
1645,-0.275
1646,-0.245
1647,-0.240
1648,-0.205
1649,-0.220
1650,-0.240
1651,-0.265
1652,-0.265
1653,-0.265
1654,-0.260
1655,-0.230
1656,-0.245
1657,-0.200
1658,-0.245
1659,-0.255
1660,-0.280
1661,-0.260
1662,-0.245
1663,-0.230
1664,-0.210
1665,-0.215
1666,-0.235
1667,-0.235
1668,-0.255
1669,-0.265
1670,-0.265
1671,-0.225
1672,-0.225
1673,-0.255
1674,-0.220
1675,-0.225
1676,-0.235
1677,-0.275
1678,-0.270
1679,-0.245
1680,-0.245
1681,-0.225
1682,-0.210
1683,-0.245
1684,-0.265
1685,-0.265
1686,-0.270
1687,-0.250
1688,-0.220
1689,-0.235
1690,-0.205
1691,-0.200
1692,-0.240
1693,-0.255
1694,-0.245
1695,-0.265
1696,-0.260
1697,-0.215
1698,-0.235
1699,-0.210
1700,-0.215
1701,-0.255
1702,-0.255
1703,-0.275
1704,-0.240
1705,-0.235
1706,-0.210
1707,-0.195
1708,-0.225
1709,-0.230
1710,-0.275
1711,-0.250
1712,-0.270
1713,-0.220
1714,-0.220
1715,-0.200
1716,-0.205
1717,-0.245
1718,-0.255
1719,-0.270
1720,-0.250
1721,-0.230
1722,-0.215
1723,-0.200
1724,-0.195
1725,-0.200
1726,-0.245
1727,-0.255
1728,-0.230
1729,-0.240
1730,-0.215
1731,-0.220
1732,-0.195
1733,-0.225
1734,-0.275
1735,-0.250
1736,-0.260
1737,-0.270
1738,-0.220
1739,-0.230
1740,-0.190
1741,-0.220
1742,-0.215
1743,-0.255
1744,-0.235
1745,-0.230
1746,-0.230
1747,-0.225
1748,-0.195
1749,-0.215
1750,-0.220
1751,-0.260
1752,-0.250
1753,-0.225
1754,-0.245
1755,-0.220
1756,-0.210
1757,-0.200
1758,-0.230
1759,-0.260
1760,-0.255
1761,-0.240
1762,-0.245
1763,-0.225
1764,-0.220
1765,-0.170
1766,-0.220
1767,-0.205
1768,-0.245
1769,-0.245
1770,-0.255
1771,-0.225
1772,-0.220
1773,-0.205
1774,-0.195
1775,-0.225
1776,-0.235
1777,-0.260
1778,-0.260
1779,-0.230
1780,-0.205
1781,-0.200
1782,-0.215
1783,-0.210
1784,-0.220
1785,-0.170
1786,-0.130
1787,-0.110
1788,-0.060
1789,0.000
1790,0.000
1791,0.030
1792,0.015
1793,0.020
1794,0.050
1795,0.065
1796,0.095
1797,0.105
1798,0.115
1799,0.080
1800,0.075
1801,0.045
1802,0.030
1803,0.050
1804,0.070
1805,0.085
1806,0.060
1807,0.030
1808,0.020
1809,-0.040
1810,-0.070
1811,-0.100
1812,-0.130
1813,-0.155
1814,-0.125
1815,-0.145
1816,-0.175
1817,-0.225
1818,-0.255
1819,-0.240
1820,-0.235
1821,-0.215
1822,-0.215
1823,-0.210
1824,-0.190
1825,-0.190
1826,-0.210
1827,-0.250
1828,-0.245
1829,-0.235
1830,-0.215
1831,-0.205
1832,-0.185
1833,-0.220
1834,-0.220
1835,-0.245
1836,-0.235
1837,-0.240
1838,-0.205
1839,-0.190
1840,-0.190
1841,-0.195
1842,-0.220
1843,-0.220
1844,-0.270
1845,-0.250
1846,-0.210
1847,-0.220
1848,-0.225
1849,-0.200
1850,-0.195
1851,-0.230
1852,-0.270
1853,-0.240
1854,-0.225
1855,-0.195
1856,-0.210
1857,-0.180
1858,-0.220
1859,-0.220
1860,-0.225
1861,-0.230
1862,-0.245
1863,-0.255
1864,-0.255
1865,-0.255
1866,-0.305
1867,-0.345
1868,-0.370
1869,-0.290
1870,-0.210
1871,0.010
1872,0.220
1873,0.430
1874,0.665
1875,0.965
1876,1.155
1877,1.340
1878,1.600
1879,1.745
1880,1.740
1881,1.570
1882,1.380
1883,1.125
1884,0.900
1885,0.880
1886,0.870
1887,0.895
1888,0.945
1889,0.960
1890,0.970
1891,0.975
1892,0.950
1893,0.915
1894,0.915
1895,0.900
1896,0.960
1897,0.940
1898,0.935
1899,0.955
1900,0.940
1901,0.920
1902,0.895
1903,0.915
1904,0.955
1905,0.935
1906,0.955
1907,0.960
1908,0.905
1909,0.900
1910,0.855
1911,0.860
1912,0.860
1913,0.865
1914,0.905
1915,0.915
1916,0.940
1917,0.870
1918,0.860
1919,0.830
1920,0.835
1921,0.865
1922,0.850
1923,0.830
1924,0.865
1925,0.845
1926,0.800
1927,0.765
1928,0.800
1929,0.820
1930,0.810
1931,0.830
1932,0.815
1933,0.810
1934,0.765
1935,0.730
1936,0.730
1937,0.760
1938,0.760
1939,0.740
1940,0.765
1941,0.775
1942,0.730
1943,0.675
1944,0.705
1945,0.665
1946,0.670
1947,0.680
1948,0.685
1949,0.690
1950,0.680
1951,0.645
1952,0.580
1953,0.600
1954,0.635
1955,0.615
1956,0.650
1957,0.620
1958,0.575
1959,0.560
1960,0.540
1961,0.540
1962,0.525
1963,0.520
1964,0.545
1965,0.540
1966,0.555
1967,0.520
1968,0.480
1969,0.450
1970,0.465
1971,0.455
1972,0.460
1973,0.440
1974,0.435
1975,0.435
1976,0.410
1977,0.355
1978,0.355
1979,0.380
1980,0.370
1981,0.355
1982,0.370
1983,0.335
1984,0.325
1985,0.275
1986,0.240
1987,0.245
1988,0.245
1989,0.240
1990,0.245
1991,0.205
1992,0.165
1993,0.095
1994,0.090
1995,0.145
1996,0.230
1997,0.320
1998,0.360
1999,0.380
2000,0.420
2001,0.395
2002,0.385
2003,0.430
2004,0.395
2005,0.430
2006,0.445
2007,0.445
2008,0.445
2009,0.415
2010,0.400
2011,0.390
2012,0.385
2013,0.390
2014,0.390
2015,0.395
2016,0.395
2017,0.365
2018,0.305
2019,0.295
2020,0.255
2021,0.260
2022,0.255
2023,0.235
2024,0.210
2025,0.175
2026,0.110
2027,0.060
2028,0.025
2029,0.005
2030,0.000
2031,0.000
2032,-0.065
2033,-0.090
2034,-0.155
2035,-0.215
2036,-0.220
2037,-0.235
2038,-0.280
2039,-0.270
2040,-0.260
2041,-0.275
2042,-0.265
2043,-0.300
2044,-0.280
2045,-0.310
2046,-0.265
2047,-0.250
2048,-0.265
2049,-0.240
2050,-0.255
2051,-0.285
2052,-0.300
2053,-0.300
2054,-0.290
2055,-0.255
2056,-0.275
2057,-0.250
2058,-0.260
2059,-0.300
2060,-0.320
2061,-0.300
2062,-0.305
2063,-0.290
2064,-0.240
2065,-0.235
2066,-0.245
2067,-0.275
2068,-0.300
2069,-0.270
2070,-0.290
2071,-0.255
2072,-0.270
2073,-0.245
2074,-0.245
2075,-0.250
2076,-0.325
2077,-0.300
2078,-0.295
2079,-0.295
2080,-0.250
2081,-0.245
2082,-0.230
2083,-0.275
2084,-0.260
2085,-0.315
2086,-0.300
2087,-0.285
2088,-0.275
2089,-0.265
2090,-0.235
2091,-0.240
2092,-0.275
2093,-0.295
2094,-0.290
2095,-0.310
2096,-0.255
2097,-0.260
2098,-0.280
2099,-0.245
2100,-0.275
2101,-0.280
2102,-0.300
2103,-0.265
2104,-0.275
2105,-0.230
2106,-0.285
2107,-0.225
2108,-0.265
2109,-0.270
2110,-0.295
2111,-0.285
2112,-0.295
2113,-0.265
2114,-0.260
2115,-0.265
2116,-0.240
2117,-0.270
2118,-0.290
2119,-0.280
2120,-0.315
2121,-0.275
2122,-0.265
2123,-0.245
2124,-0.230
2125,-0.280
2126,-0.275
2127,-0.290
2128,-0.285
2129,-0.290
2130,-0.230
2131,-0.245
2132,-0.230
2133,-0.270
2134,-0.255
2135,-0.305
2136,-0.270
2137,-0.290
2138,-0.265
2139,-0.255
2140,-0.230
2141,-0.260
2142,-0.255
2143,-0.295
2144,-0.290
2145,-0.290
2146,-0.250
2147,-0.265
2148,-0.250
2149,-0.235
2150,-0.240
2151,-0.300
2152,-0.265
2153,-0.260
2154,-0.275
2155,-0.235
2156,-0.235
2157,-0.255
2158,-0.245
2159,-0.285
2160,-0.290
2161,-0.270
2162,-0.280
2163,-0.275
2164,-0.235
2165,-0.240
2166,-0.235
2167,-0.245
2168,-0.290
2169,-0.265
2170,-0.270
2171,-0.265
2172,-0.225
2173,-0.235
2174,-0.235
2175,-0.230
2176,-0.305
2177,-0.295
2178,-0.265
2179,-0.280
2180,-0.240
2181,-0.260
2182,-0.250
2183,-0.245
2184,-0.260
2185,-0.280
2186,-0.270
2187,-0.250
2188,-0.265
2189,-0.230
2190,-0.215
2191,-0.230
2192,-0.225
2193,-0.250
2194,-0.265
2195,-0.290
2196,-0.265
2197,-0.235
2198,-0.245
2199,-0.220
2200,-0.255
2201,-0.270
2202,-0.305
2203,-0.285
2204,-0.275
2205,-0.220
2206,-0.270
2207,-0.210
2208,-0.235
2209,-0.245
2210,-0.305
2211,-0.275
2212,-0.285
2213,-0.250
2214,-0.235
2215,-0.225
2216,-0.240
2217,-0.240
2218,-0.275
2219,-0.265
2220,-0.270
2221,-0.270
2222,-0.235
2223,-0.235
2224,-0.245
2225,-0.265
2226,-0.280
2227,-0.275
2228,-0.275
2229,-0.250
2230,-0.230
2231,-0.210
2232,-0.240
2233,-0.220
2234,-0.235
2235,-0.265
2236,-0.250
2237,-0.270
2238,-0.245
2239,-0.245
2240,-0.230
2241,-0.235
2242,-0.240
2243,-0.275
2244,-0.255
2245,-0.275
2246,-0.265
2247,-0.240
2248,-0.240
2249,-0.215
2250,-0.225
2251,-0.250
2252,-0.275
2253,-0.245
2254,-0.255
2255,-0.210
2256,-0.210
2257,-0.210
2258,-0.245
2259,-0.235
2260,-0.270
2261,-0.245
2262,-0.265
2263,-0.250
2264,-0.240
2265,-0.220
2266,-0.225
2267,-0.230
2268,-0.250
2269,-0.260
2270,-0.255
2271,-0.235
2272,-0.235
2273,-0.225
2274,-0.185
2275,-0.170
2276,-0.200
2277,-0.150
2278,-0.150
2279,-0.100
2280,-0.045
2281,-0.005
2282,0.015
2283,0.025
2284,0.045
2285,0.045
2286,0.025
2287,0.050
2288,0.060
2289,0.075
2290,0.080
2291,0.085
2292,0.050
2293,0.030
2294,0.060
2295,0.045
2296,0.055
2297,0.015
2298,0.015
2299,0.020
2300,-0.060
2301,-0.110
2302,-0.110
2303,-0.160
2304,-0.160
2305,-0.160
2306,-0.210
2307,-0.195
2308,-0.240
2309,-0.240
2310,-0.275
2311,-0.275
2312,-0.240
2313,-0.245
2314,-0.230
2315,-0.215
2316,-0.215
2317,-0.235
2318,-0.255
2319,-0.255
2320,-0.260
2321,-0.250
2322,-0.235
2323,-0.235
2324,-0.210
2325,-0.215
2326,-0.240
2327,-0.255
2328,-0.255
2329,-0.250
2330,-0.230
2331,-0.215
2332,-0.205
2333,-0.220
2334,-0.220
2335,-0.255
2336,-0.265
2337,-0.270
2338,-0.230
2339,-0.220
2340,-0.220
2341,-0.230
2342,-0.240
2343,-0.265
2344,-0.265
2345,-0.265
2346,-0.250
2347,-0.235
2348,-0.210
2349,-0.205
2350,-0.220
2351,-0.275
2352,-0.265
2353,-0.275
2354,-0.315
2355,-0.300
2356,-0.315
2357,-0.340
2358,-0.350
2359,-0.350
2360,-0.310
2361,-0.145
2362,0.055
2363,0.260
2364,0.490
2365,0.775
2366,1.035
2367,1.245
2368,1.450
2369,1.630
2370,1.710
2371,1.620
2372,1.450
2373,1.240
2374,1.005
2375,0.845
2376,0.890
2377,0.810
2378,0.875
2379,0.915
2380,0.940
2381,0.935
2382,0.940
2383,0.925
2384,0.900
2385,0.885
2386,0.900
2387,0.890
2388,0.920
2389,0.920
2390,0.945
2391,0.915
2392,0.925
2393,0.915
2394,0.875
2395,0.910
2396,0.905
2397,0.915
2398,0.905
2399,0.880
2400,0.905
2401,0.845
2402,0.855
2403,0.840
2404,0.850
2405,0.850
2406,0.900
2407,0.870
2408,0.850
2409,0.865
2410,0.815
2411,0.820
2412,0.795
2413,0.815
2414,0.815
2415,0.825
2416,0.825
2417,0.795
2418,0.780
2419,0.775
2420,0.795
2421,0.790
2422,0.770
2423,0.750
2424,0.770
2425,0.755
2426,0.705
2427,0.730
2428,0.730
2429,0.705
2430,0.705
2431,0.730
2432,0.730
2433,0.700
2434,0.690
2435,0.655
2436,0.665
2437,0.640
2438,0.655
2439,0.675
2440,0.685
2441,0.665
2442,0.595
2443,0.565
2444,0.585
2445,0.565
2446,0.595
2447,0.585
2448,0.570
2449,0.565
2450,0.550
2451,0.550
2452,0.495
2453,0.540
2454,0.510
2455,0.510
2456,0.495
2457,0.510
2458,0.485
2459,0.460
2460,0.440
2461,0.430
2462,0.440
2463,0.410
2464,0.455
2465,0.415
2466,0.430
2467,0.385
2468,0.375
2469,0.350
2470,0.350
2471,0.350
2472,0.340
2473,0.340
2474,0.310
2475,0.275
2476,0.235
2477,0.245
2478,0.220
2479,0.195
2480,0.200
2481,0.185
2482,0.165
2483,0.140
2484,0.085
2485,0.070
2486,0.160
2487,0.220
2488,0.290
2489,0.355
2490,0.390
2491,0.410
2492,0.405
2493,0.405
2494,0.390
2495,0.395
2496,0.390
2497,0.395
2498,0.415
2499,0.420
2500,0.400
2501,0.360
2502,0.375
2503,0.355
2504,0.360
2505,0.365
2506,0.360
2507,0.365
2508,0.320
2509,0.305
2510,0.295
2511,0.255
2512,0.215
2513,0.235
2514,0.220
2515,0.180
2516,0.145
2517,0.075
2518,0.055
2519,-0.030
2520,-0.040
2521,-0.035
2522,-0.055
2523,-0.100
2524,-0.105
2525,-0.180
2526,-0.240
2527,-0.235
2528,-0.275
2529,-0.300
2530,-0.310
2531,-0.270
2532,-0.300
2533,-0.265
2534,-0.310
2535,-0.330
2536,-0.310
2537,-0.325
2538,-0.310
2539,-0.290
2540,-0.280
2541,-0.295
2542,-0.295
2543,-0.310
2544,-0.285
2545,-0.315
2546,-0.275
2547,-0.285
2548,-0.265
2549,-0.275
2550,-0.280
2551,-0.305
2552,-0.330
2553,-0.330
2554,-0.290
2555,-0.290
2556,-0.280
2557,-0.270
2558,-0.285
2559,-0.320
2560,-0.295
2561,-0.315
2562,-0.285
2563,-0.280
2564,-0.280
2565,-0.285
2566,-0.280
2567,-0.295
2568,-0.325
2569,-0.300
2570,-0.315
2571,-0.290
2572,-0.285
2573,-0.275
2574,-0.280
2575,-0.295
2576,-0.320
2577,-0.340
2578,-0.310
2579,-0.285
2580,-0.280
2581,-0.270
2582,-0.265
2583,-0.270
2584,-0.290
2585,-0.315
2586,-0.305
2587,-0.310
2588,-0.250
2589,-0.275
2590,-0.255
2591,-0.290
2592,-0.300
2593,-0.315
2594,-0.320
2595,-0.275
2596,-0.295
2597,-0.275
2598,-0.285
2599,-0.265
2600,-0.290
2601,-0.295
2602,-0.315
2603,-0.275
2604,-0.270
2605,-0.270
2606,-0.250
2607,-0.260
2608,-0.265
2609,-0.300
2610,-0.310
2611,-0.300
2612,-0.320
2613,-0.280
2614,-0.275
2615,-0.285
2616,-0.285
2617,-0.285
2618,-0.290
2619,-0.315
2620,-0.310
2621,-0.275
2622,-0.270
2623,-0.260
2624,-0.265
2625,-0.270
2626,-0.305
2627,-0.290
2628,-0.280
2629,-0.290
2630,-0.265
2631,-0.270
2632,-0.250
2633,-0.275
2634,-0.285
2635,-0.335
2636,-0.285
2637,-0.300
2638,-0.240
2639,-0.270
2640,-0.245
2641,-0.255
2642,-0.275
2643,-0.295
2644,-0.300
2645,-0.290
2646,-0.270
2647,-0.260
2648,-0.250
2649,-0.270
2650,-0.290
2651,-0.300
2652,-0.315
2653,-0.280
2654,-0.260
2655,-0.265
2656,-0.255
2657,-0.255
2658,-0.255
2659,-0.290
2660,-0.280
2661,-0.270
2662,-0.290
2663,-0.250
2664,-0.260
2665,-0.245
2666,-0.260
2667,-0.280
2668,-0.300
2669,-0.285
2670,-0.275
2671,-0.255
2672,-0.265
2673,-0.250
2674,-0.265
2675,-0.270
2676,-0.300
2677,-0.295
2678,-0.275
2679,-0.275
2680,-0.260
2681,-0.240
2682,-0.250
2683,-0.265
2684,-0.280
2685,-0.300
2686,-0.245
2687,-0.270
2688,-0.260
2689,-0.255
2690,-0.235
2691,-0.275
2692,-0.275
2693,-0.280
2694,-0.305
2695,-0.285
2696,-0.275
2697,-0.265
2698,-0.255
2699,-0.270
2700,-0.265
2701,-0.285
2702,-0.285
2703,-0.280
2704,-0.270
2705,-0.275
2706,-0.240
2707,-0.230
2708,-0.210
2709,-0.285
2710,-0.270
2711,-0.280
2712,-0.270
2713,-0.265
2714,-0.225
2715,-0.260
2716,-0.245
2717,-0.270
2718,-0.305
2719,-0.295
2720,-0.270
2721,-0.250
2722,-0.245
2723,-0.215
2724,-0.250
2725,-0.255
2726,-0.260
2727,-0.275
2728,-0.275
2729,-0.255
2730,-0.265
2731,-0.235
2732,-0.250
2733,-0.250
2734,-0.295
2735,-0.280
2736,-0.290
2737,-0.270
2738,-0.250
2739,-0.255
2740,-0.240
2741,-0.230
2742,-0.300
2743,-0.280
2744,-0.280
2745,-0.260
2746,-0.255
2747,-0.250
2748,-0.225
2749,-0.230
2750,-0.255
2751,-0.260
2752,-0.280
2753,-0.270
2754,-0.270
2755,-0.255
2756,-0.250
2757,-0.240
2758,-0.260
2759,-0.290
2760,-0.255
2761,-0.280
2762,-0.275
2763,-0.255
2764,-0.235
2765,-0.195
2766,-0.170
2767,-0.175
2768,-0.160
2769,-0.155
2770,-0.085
2771,-0.035
2772,-0.005
2773,0.000
2774,0.025
2775,0.035
2776,0.010
2777,0.010
2778,0.020
2779,0.040
2780,0.020
2781,0.075
2782,0.070
2783,0.050
2784,0.025
2785,0.015
2786,0.000
2787,0.010
2788,-0.015
2789,0.000
2790,-0.005
2791,-0.040
2792,-0.095
2793,-0.155
2794,-0.190
2795,-0.210
2796,-0.200
2797,-0.210
2798,-0.240
2799,-0.245
2800,-0.230
2801,-0.280
2802,-0.265
2803,-0.280
2804,-0.255
2805,-0.225
2806,-0.265
2807,-0.225
2808,-0.240
2809,-0.240
2810,-0.290
2811,-0.260
2812,-0.260
2813,-0.260
2814,-0.225
2815,-0.235
2816,-0.245
2817,-0.290
2818,-0.270
2819,-0.285
2820,-0.265
2821,-0.245
2822,-0.250
2823,-0.220
2824,-0.215
2825,-0.260
2826,-0.255
2827,-0.290
2828,-0.255
2829,-0.235
2830,-0.245
2831,-0.205
2832,-0.230
2833,-0.225
2834,-0.275
2835,-0.275
2836,-0.260
2837,-0.275
2838,-0.245
2839,-0.235
2840,-0.250
2841,-0.230
2842,-0.240
2843,-0.295
2844,-0.275
2845,-0.330
2846,-0.325
2847,-0.360
2848,-0.360
2849,-0.360
2850,-0.330
2851,-0.270
2852,-0.050
2853,0.110
2854,0.300
2855,0.585
2856,0.860
2857,1.135
2858,1.320
2859,1.555
2860,1.670
2861,1.665
2862,1.510
2863,1.365
2864,1.160
2865,0.920
2866,0.880
2867,0.870
2868,0.840
2869,0.830
2870,0.895
2871,0.930
2872,0.910
2873,0.910
2874,0.920
2875,0.895
2876,0.885
2877,0.870
2878,0.875
2879,0.900
2880,0.890
2881,0.915
2882,0.930
2883,0.885
2884,0.910
2885,0.855
2886,0.875
2887,0.895
2888,0.910
2889,0.880
2890,0.880
2891,0.875
2892,0.850
2893,0.860
2894,0.810
2895,0.840
2896,0.855
2897,0.855
2898,0.835
2899,0.845
2900,0.830
2901,0.825
2902,0.810
2903,0.770
2904,0.765
2905,0.805
2906,0.805
2907,0.825
2908,0.805
2909,0.800
2910,0.765
2911,0.770
2912,0.775
2913,0.750
2914,0.745
2915,0.730
2916,0.750
2917,0.740
2918,0.710
2919,0.700
2920,0.670
2921,0.700
2922,0.700
2923,0.705
2924,0.700
2925,0.665
2926,0.670
2927,0.610
2928,0.615
2929,0.635
2930,0.640
2931,0.660
2932,0.640
2933,0.625
2934,0.590
2935,0.580
2936,0.550
2937,0.545
2938,0.570
2939,0.585
2940,0.550
2941,0.560
2942,0.555
2943,0.500
2944,0.495
2945,0.495
2946,0.485
2947,0.520
2948,0.470
2949,0.520
2950,0.450
2951,0.440
2952,0.395
2953,0.420
2954,0.390
2955,0.410
2956,0.405
2957,0.415
2958,0.370
2959,0.350
2960,0.310
2961,0.335
2962,0.305
2963,0.315
2964,0.325
2965,0.300
2966,0.280
2967,0.250
2968,0.230
2969,0.210
2970,0.175
2971,0.175
2972,0.195
2973,0.145
2974,0.120
2975,0.080
2976,0.110
2977,0.170
2978,0.235
2979,0.305
2980,0.345
2981,0.375
2982,0.405
2983,0.430
2984,0.395
2985,0.370
2986,0.390
2987,0.395
2988,0.415
2989,0.395
2990,0.405
2991,0.405
2992,0.385
2993,0.365
2994,0.310
2995,0.340
2996,0.355
2997,0.350
2998,0.345
2999,0.305
3000,0.325
3001,0.270
3002,0.220
3003,0.225
3004,0.175
3005,0.165
3006,0.155
3007,0.100
3008,0.090
3009,0.055
3010,-0.060
3011,-0.060
3012,-0.075
3013,-0.100
3014,-0.125
3015,-0.130
3016,-0.180
3017,-0.235
3018,-0.260
3019,-0.305
3020,-0.310
3021,-0.280
3022,-0.290
3023,-0.295
3024,-0.300
3025,-0.295
3026,-0.320
3027,-0.335
3028,-0.320
3029,-0.310
3030,-0.290
3031,-0.285
3032,-0.300
3033,-0.285
3034,-0.310
3035,-0.340
3036,-0.305
3037,-0.290
3038,-0.295
3039,-0.280
3040,-0.285
3041,-0.285
3042,-0.285
3043,-0.320
3044,-0.325
3045,-0.315
3046,-0.285
3047,-0.280
3048,-0.290
3049,-0.270
3050,-0.320
3051,-0.315
3052,-0.315
3053,-0.320
3054,-0.310
3055,-0.300
3056,-0.270
3057,-0.270
3058,-0.260
3059,-0.285
3060,-0.305
3061,-0.320
3062,-0.310
3063,-0.285
3064,-0.285
3065,-0.285
3066,-0.270
3067,-0.325
3068,-0.330
3069,-0.335
3070,-0.310
3071,-0.295
3072,-0.260
3073,-0.265
3074,-0.275
3075,-0.280
3076,-0.280
3077,-0.310
3078,-0.295
3079,-0.310
3080,-0.290
3081,-0.260
3082,-0.315
3083,-0.265
3084,-0.300
3085,-0.330
3086,-0.305
3087,-0.295
3088,-0.295
3089,-0.295
3090,-0.260
3091,-0.295
3092,-0.290
3093,-0.310
3094,-0.325
3095,-0.310
3096,-0.290
3097,-0.290
3098,-0.265
3099,-0.275
3100,-0.265
3101,-0.310
3102,-0.305
3103,-0.305
3104,-0.310
3105,-0.270
3106,-0.285
3107,-0.270
3108,-0.270
3109,-0.300
3110,-0.315
3111,-0.300
3112,-0.290
3113,-0.290
3114,-0.290
3115,-0.255
3116,-0.285
3117,-0.265
3118,-0.310
3119,-0.290
3120,-0.310
3121,-0.265
3122,-0.260
3123,-0.265
3124,-0.285
3125,-0.290
3126,-0.285
3127,-0.315
3128,-0.305
3129,-0.300
3130,-0.285
3131,-0.265
3132,-0.250
3133,-0.270
3134,-0.280
3135,-0.285
3136,-0.290
3137,-0.295
3138,-0.265
3139,-0.290
3140,-0.245
3141,-0.280
3142,-0.280
3143,-0.315
3144,-0.295
3145,-0.325
3146,-0.275
3147,-0.270
3148,-0.250
3149,-0.260
3150,-0.270
3151,-0.295
3152,-0.300
3153,-0.305
3154,-0.290
3155,-0.275
3156,-0.260
3157,-0.270
3158,-0.275
3159,-0.275
3160,-0.305
3161,-0.285
3162,-0.290
3163,-0.270
3164,-0.255
3165,-0.280
3166,-0.265
3167,-0.285
3168,-0.315
3169,-0.310
3170,-0.290
3171,-0.300
3172,-0.255
3173,-0.280
3174,-0.250
3175,-0.285
3176,-0.285
3177,-0.315
3178,-0.285
3179,-0.295
3180,-0.270
3181,-0.250
3182,-0.265
3183,-0.280
3184,-0.290
3185,-0.300
3186,-0.285
3187,-0.290
3188,-0.285
3189,-0.255
3190,-0.260
3191,-0.290
3192,-0.265
3193,-0.270
3194,-0.305
3195,-0.270
3196,-0.280
3197,-0.255
3198,-0.250
3199,-0.245
3200,-0.265
3201,-0.265
3202,-0.320
3203,-0.260
3204,-0.290
3205,-0.270
3206,-0.270
3207,-0.235
3208,-0.260
3209,-0.290
3210,-0.295
3211,-0.290
3212,-0.280
3213,-0.255
3214,-0.260
3215,-0.255
3216,-0.225
3217,-0.300
3218,-0.290
3219,-0.285
3220,-0.260
3221,-0.245
3222,-0.265
3223,-0.245
3224,-0.255
3225,-0.265
3226,-0.280
3227,-0.310
3228,-0.280
3229,-0.295
3230,-0.260
3231,-0.265
3232,-0.255
3233,-0.250
3234,-0.270
3235,-0.295
3236,-0.275
3237,-0.265
3238,-0.270
3239,-0.265
3240,-0.235
3241,-0.240
3242,-0.240
3243,-0.270
3244,-0.295
3245,-0.265
3246,-0.270
3247,-0.240
3248,-0.250
3249,-0.255
3250,-0.260
3251,-0.270
3252,-0.280
3253,-0.285
3254,-0.280
3255,-0.245
3256,-0.195
3257,-0.165
3258,-0.145
3259,-0.135
3260,-0.150
3261,-0.075
3262,-0.080
3263,-0.005
3264,0.015
3265,0.030
3266,0.050
3267,0.045
3268,0.020
3269,0.020
3270,0.025
3271,0.030
3272,0.070
3273,0.045
3274,0.045
3275,0.055
3276,0.010
3277,0.000
3278,0.000
3279,-0.025
3280,-0.005
3281,-0.035
3282,-0.050
3283,-0.120
3284,-0.145
3285,-0.215
3286,-0.225
3287,-0.225
3288,-0.255
3289,-0.240
3290,-0.260
3291,-0.260
3292,-0.255
3293,-0.280
3294,-0.275
3295,-0.275
3296,-0.260
3297,-0.235
3298,-0.265
3299,-0.235
3300,-0.250
3301,-0.275
3302,-0.280
3303,-0.255
3304,-0.265
3305,-0.235
3306,-0.245
3307,-0.220
3308,-0.240
3309,-0.280
3310,-0.285
3311,-0.265
3312,-0.265
3313,-0.245
3314,-0.255
3315,-0.245
3316,-0.240
3317,-0.245
3318,-0.260
3319,-0.270
3320,-0.250
3321,-0.255
3322,-0.240
3323,-0.225
3324,-0.250
3325,-0.235
3326,-0.250
3327,-0.290
3328,-0.275
3329,-0.260
3330,-0.245
3331,-0.230
3332,-0.240
3333,-0.230
3334,-0.270
3335,-0.310
3336,-0.340
3337,-0.350
3338,-0.405
3339,-0.370
3340,-0.370
3341,-0.290
3342,-0.150
3343,0.000
3344,0.170
3345,0.410
3346,0.670
3347,0.965
3348,1.205
3349,1.430
3350,1.615
3351,1.695
3352,1.585
3353,1.440
3354,1.245
3355,1.020
3356,0.880
3357,0.890
3358,0.860
3359,0.835
3360,0.865
3361,0.900
3362,0.900
3363,0.920
3364,0.910
3365,0.940
3366,0.915
3367,0.895
3368,0.885
3369,0.880
3370,0.870
3371,0.905
3372,0.910
3373,0.895
3374,0.910
3375,0.895
3376,0.880
3377,0.865
3378,0.875
3379,0.865
3380,0.865
3381,0.895
3382,0.845
3383,0.850
3384,0.855
3385,0.815
3386,0.840
3387,0.850
3388,0.835
3389,0.840
3390,0.855
3391,0.835
3392,0.810
3393,0.785
3394,0.745
3395,0.775
3396,0.780
3397,0.810
3398,0.800
3399,0.825
3400,0.790
3401,0.800
3402,0.740
3403,0.755
3404,0.715
3405,0.735
3406,0.755
3407,0.735
3408,0.735
3409,0.725
3410,0.675
3411,0.660
3412,0.695
3413,0.690
3414,0.680
3415,0.705
3416,0.690
3417,0.675
3418,0.610
3419,0.600
3420,0.610
3421,0.625
3422,0.650
3423,0.630
3424,0.610
3425,0.570
3426,0.580
3427,0.545
3428,0.545
3429,0.515
3430,0.560
3431,0.550
3432,0.545
3433,0.535
3434,0.515
3435,0.460
3436,0.465
3437,0.485
3438,0.495
3439,0.510
3440,0.455
3441,0.445
3442,0.425
3443,0.415
3444,0.395
3445,0.390
3446,0.385
3447,0.385
3448,0.410
3449,0.355
3450,0.355
3451,0.345
3452,0.295
3453,0.305
3454,0.280
3455,0.295
3456,0.285
3457,0.245
3458,0.250
3459,0.220
3460,0.190
3461,0.155
3462,0.140
3463,0.120
3464,0.125
3465,0.080
3466,0.090
3467,0.145
3468,0.215
3469,0.245
3470,0.305
3471,0.345
3472,0.380
3473,0.420
3474,0.400
3475,0.400
3476,0.395
3477,0.350
3478,0.370
3479,0.385
3480,0.400
3481,0.410
3482,0.425
3483,0.390
3484,0.340
3485,0.325
3486,0.315
3487,0.330
3488,0.330
3489,0.310
3490,0.305
3491,0.310
3492,0.240
3493,0.215
3494,0.175
3495,0.170
3496,0.170
3497,0.130
3498,0.140
3499,0.065
3500,0.005
3501,-0.040
3502,-0.090
3503,-0.105
3504,-0.130
3505,-0.135
3506,-0.180
3507,-0.205
3508,-0.195
3509,-0.285
3510,-0.350
3511,-0.340
3512,-0.315
3513,-0.295
3514,-0.285
3515,-0.275
3516,-0.295
3517,-0.315
3518,-0.340
3519,-0.340
3520,-0.320
3521,-0.315
3522,-0.315
3523,-0.300
3524,-0.290
3525,-0.315
3526,-0.305
3527,-0.315
3528,-0.330
3529,-0.320
3530,-0.295
3531,-0.300
3532,-0.275
3533,-0.320
3534,-0.305
3535,-0.325
3536,-0.320
3537,-0.310
3538,-0.310
3539,-0.295
3540,-0.300
3541,-0.300
3542,-0.310
3543,-0.330
3544,-0.330
3545,-0.295
3546,-0.305
3547,-0.300
3548,-0.295
3549,-0.280
3550,-0.295
3551,-0.305
3552,-0.345
3553,-0.310
3554,-0.305
3555,-0.290
3556,-0.280
3557,-0.270
3558,-0.290
3559,-0.305
3560,-0.330
3561,-0.335
3562,-0.335
3563,-0.315
3564,-0.285
3565,-0.295
3566,-0.300
3567,-0.285
3568,-0.320
3569,-0.320
3570,-0.315
3571,-0.315
3572,-0.300
3573,-0.290
3574,-0.290
3575,-0.280
3576,-0.295
3577,-0.325
3578,-0.325
3579,-0.295
3580,-0.295
3581,-0.295
3582,-0.295
3583,-0.290
3584,-0.310
3585,-0.315
3586,-0.335
3587,-0.325
3588,-0.300
3589,-0.280
3590,-0.275
3591,-0.280
3592,-0.290
3593,-0.335
3594,-0.315
3595,-0.285
3596,-0.310
3597,-0.295
3598,-0.275
3599,-0.285
3600,-0.295
3601,-0.300
3602,-0.345
3603,-0.305
3604,-0.300
3605,-0.280
3606,-0.305
3607,-0.290
3608,-0.275
3609,-0.280
3610,-0.330
3611,-0.305
3612,-0.295
3613,-0.305
3614,-0.260
3615,-0.280
3616,-0.270
3617,-0.300
3618,-0.320
3619,-0.315
3620,-0.315
3621,-0.290
3622,-0.265
3623,-0.265
3624,-0.270
3625,-0.275
3626,-0.305
3627,-0.310
3628,-0.305
3629,-0.295
3630,-0.280
3631,-0.270
3632,-0.255
3633,-0.285
3634,-0.280
3635,-0.320
3636,-0.320
3637,-0.305
3638,-0.295
3639,-0.265
3640,-0.265
3641,-0.280
3642,-0.285
3643,-0.320
3644,-0.330
3645,-0.285
3646,-0.285
3647,-0.280
3648,-0.265
3649,-0.250
3650,-0.275
3651,-0.280
3652,-0.300
3653,-0.305
3654,-0.275
3655,-0.275
3656,-0.275
3657,-0.270
3658,-0.255
3659,-0.285
3660,-0.310
3661,-0.295
3662,-0.295
3663,-0.295
3664,-0.270
3665,-0.265
3666,-0.280
3667,-0.275
3668,-0.290
3669,-0.300
3670,-0.305
3671,-0.270
3672,-0.270
3673,-0.260
3674,-0.275
3675,-0.250
3676,-0.295
3677,-0.300
3678,-0.300
3679,-0.290
3680,-0.280
3681,-0.270
3682,-0.270
3683,-0.270
3684,-0.270
3685,-0.305
3686,-0.295
3687,-0.290
3688,-0.270
3689,-0.265
3690,-0.240
3691,-0.255
3692,-0.275
3693,-0.305
3694,-0.290
3695,-0.305
3696,-0.265
3697,-0.285
3698,-0.255
3699,-0.255
3700,-0.265
3701,-0.300
3702,-0.290
3703,-0.290
3704,-0.275
3705,-0.290
3706,-0.245
3707,-0.265
3708,-0.270
3709,-0.255
3710,-0.295
3711,-0.320
3712,-0.280
3713,-0.260
3714,-0.285
3715,-0.240
3716,-0.260
3717,-0.295
3718,-0.300
3719,-0.335
3720,-0.305
3721,-0.285
3722,-0.265
3723,-0.270
3724,-0.260
3725,-0.265
3726,-0.285
3727,-0.265
3728,-0.300
3729,-0.275
3730,-0.245
3731,-0.270
3732,-0.265
3733,-0.255
3734,-0.260
3735,-0.275
3736,-0.270
3737,-0.265
3738,-0.290
3739,-0.255
3740,-0.270
3741,-0.270
3742,-0.275
3743,-0.310
3744,-0.280
3745,-0.290
3746,-0.260
3747,-0.190
3748,-0.175
3749,-0.135
3750,-0.115
3751,-0.090
3752,-0.100
3753,-0.040
3754,-0.045
3755,0.010
3756,0.015
3757,0.050
3758,0.040
3759,0.025
3760,0.020
3761,0.000
3762,0.025
3763,0.030
3764,0.060
3765,0.055
3766,0.065
3767,0.015
3768,0.000
3769,-0.060
3770,-0.030
3771,-0.050
3772,-0.080
3773,-0.090
3774,-0.080
3775,-0.155
3776,-0.195
3777,-0.235
3778,-0.245
3779,-0.295
3780,-0.270
3781,-0.260
3782,-0.285
3783,-0.270
3784,-0.280
3785,-0.300
3786,-0.285
3787,-0.280
3788,-0.210
3789,-0.240
3790,-0.255
3791,-0.230
3792,-0.255
3793,-0.255
3794,-0.295
3795,-0.295
3796,-0.265
3797,-0.260
3798,-0.260
3799,-0.235
3800,-0.270
3801,-0.265
3802,-0.300
3803,-0.285
3804,-0.255
3805,-0.265
3806,-0.235
3807,-0.245
3808,-0.235
3809,-0.270
3810,-0.275
3811,-0.285
3812,-0.280
3813,-0.255
3814,-0.265
3815,-0.230
3816,-0.245
3817,-0.260
3818,-0.270
3819,-0.285
3820,-0.280
3821,-0.255
3822,-0.250
3823,-0.245
3824,-0.265
3825,-0.245
3826,-0.335
3827,-0.375
3828,-0.410
3829,-0.385
3830,-0.385
3831,-0.355
3832,-0.280
3833,-0.075
3834,0.100
3835,0.250
3836,0.480
3837,0.755
3838,1.040
3839,1.275
3840,1.530
3841,1.720
3842,1.675
3843,1.550
3844,1.350
3845,1.150
3846,0.900
3847,0.850
3848,0.880
3849,0.895
3850,0.865
3851,0.900
3852,0.850
3853,0.900
3854,0.895
3855,0.915
3856,0.905
3857,0.895
3858,0.920
3859,0.875
3860,0.865
3861,0.865
3862,0.860
3863,0.910
3864,0.895
3865,0.890
3866,0.915
3867,0.890
3868,0.870
3869,0.870
3870,0.850
3871,0.875
3872,0.845
3873,0.850
3874,0.865
3875,0.855
3876,0.830
3877,0.810
3878,0.840
3879,0.810
3880,0.835
3881,0.845
3882,0.840
3883,0.850
3884,0.775
3885,0.740
3886,0.755
3887,0.765
3888,0.785
3889,0.800
3890,0.790
3891,0.795
3892,0.780
3893,0.765
3894,0.715
3895,0.690
3896,0.705
3897,0.715
3898,0.755
3899,0.745
3900,0.745
3901,0.695
3902,0.650
3903,0.670
3904,0.685
3905,0.680
3906,0.675
3907,0.690
3908,0.670
3909,0.615
3910,0.620
3911,0.605
3912,0.615
3913,0.640
3914,0.605
3915,0.595
3916,0.595
3917,0.590
3918,0.580
3919,0.535
3920,0.515
3921,0.510
3922,0.535
3923,0.545
3924,0.535
3925,0.510
3926,0.495
3927,0.435
3928,0.475
3929,0.470
3930,0.475
3931,0.475
3932,0.455
3933,0.440
3934,0.415
3935,0.375
3936,0.350
3937,0.405
3938,0.385
3939,0.375
3940,0.360
3941,0.345
3942,0.335
3943,0.300
3944,0.280
3945,0.290
3946,0.290
3947,0.265
3948,0.270
3949,0.245
3950,0.240
3951,0.200
3952,0.150
3953,0.130
3954,0.115
3955,0.085
3956,0.095
3957,0.090
3958,0.205
3959,0.245
3960,0.300
3961,0.305
3962,0.355
3963,0.380
3964,0.405
3965,0.410
3966,0.395
3967,0.390
3968,0.375
3969,0.345
3970,0.375
3971,0.355
3972,0.390
3973,0.385
3974,0.400
3975,0.365
3976,0.335
3977,0.280
3978,0.335
3979,0.315
3980,0.280
3981,0.310
3982,0.305
3983,0.270
3984,0.225
3985,0.180
3986,0.135
3987,0.105
3988,0.090
3989,0.090
3990,0.040
3991,0.000
3992,-0.065
3993,-0.065
3994,-0.140
3995,-0.160
3996,-0.160
3997,-0.200
3998,-0.210
3999,-0.225
4000,-0.270
4001,-0.310
4002,-0.325
4003,-0.305
4004,-0.345
4005,-0.270
4006,-0.310
4007,-0.290
4008,-0.285
4009,-0.310
4010,-0.335
4011,-0.345
4012,-0.320
4013,-0.305
4014,-0.290
4015,-0.300
4016,-0.300
4017,-0.325
4018,-0.340
4019,-0.340
4020,-0.320
4021,-0.350
4022,-0.305
4023,-0.315
4024,-0.300
4025,-0.300
4026,-0.310
4027,-0.335
4028,-0.305
4029,-0.350
4030,-0.295
4031,-0.300
4032,-0.310
4033,-0.295
4034,-0.310
4035,-0.330
4036,-0.325
4037,-0.315
4038,-0.325
4039,-0.275
4040,-0.295
4041,-0.265
4042,-0.310
4043,-0.300
4044,-0.320
4045,-0.335
4046,-0.330
4047,-0.290
4048,-0.305
4049,-0.300
4050,-0.280
4051,-0.335
4052,-0.315
4053,-0.325
4054,-0.310
4055,-0.280
4056,-0.295
4057,-0.290
4058,-0.285
4059,-0.305
4060,-0.330
4061,-0.330
4062,-0.310
4063,-0.295
4064,-0.285
4065,-0.275
4066,-0.290
4067,-0.295
4068,-0.305
4069,-0.355
4070,-0.300
4071,-0.310
4072,-0.290
4073,-0.305
4074,-0.285
4075,-0.305
4076,-0.305
4077,-0.340
4078,-0.305
4079,-0.300
4080,-0.300
4081,-0.295
4082,-0.285
4083,-0.275
4084,-0.300
4085,-0.310
4086,-0.325
4087,-0.290
4088,-0.305
4089,-0.265
4090,-0.300
4091,-0.290
4092,-0.305
4093,-0.320
4094,-0.310
4095,-0.295
4096,-0.305
4097,-0.290
4098,-0.280
4099,-0.270
4100,-0.300
4101,-0.285
4102,-0.335
4103,-0.295
4104,-0.310
4105,-0.305
4106,-0.295
4107,-0.290
4108,-0.275
4109,-0.295
4110,-0.335
4111,-0.295
4112,-0.335
4113,-0.295
4114,-0.280
4115,-0.275
4116,-0.275
4117,-0.280
4118,-0.300
4119,-0.325
4120,-0.320
4121,-0.290
4122,-0.305
4123,-0.265
4124,-0.275
4125,-0.280
4126,-0.305
4127,-0.320
4128,-0.305
4129,-0.330
4130,-0.280
4131,-0.260
4132,-0.270
4133,-0.265
4134,-0.305
4135,-0.305
4136,-0.320
4137,-0.310
4138,-0.270
4139,-0.275
4140,-0.260
4141,-0.255
4142,-0.285
4143,-0.305
4144,-0.310
4145,-0.290
4146,-0.300
4147,-0.280
4148,-0.265
4149,-0.285
4150,-0.280
4151,-0.300
4152,-0.345
4153,-0.320
4154,-0.285
4155,-0.290
4156,-0.275
4157,-0.275
4158,-0.290
4159,-0.275
4160,-0.310
4161,-0.295
4162,-0.280
4163,-0.275
4164,-0.270
4165,-0.255
4166,-0.270
4167,-0.270
4168,-0.285
4169,-0.300
4170,-0.310
4171,-0.300
4172,-0.275
4173,-0.280
4174,-0.285
4175,-0.255
4176,-0.285
4177,-0.290
4178,-0.315
4179,-0.295
4180,-0.265
4181,-0.270
4182,-0.275
4183,-0.260
4184,-0.265
4185,-0.305
4186,-0.300
4187,-0.305
4188,-0.285
4189,-0.270
4190,-0.275
4191,-0.260
4192,-0.275
4193,-0.290
4194,-0.310
4195,-0.300
4196,-0.320
4197,-0.275
4198,-0.225
4199,-0.275
4200,-0.265
4201,-0.285
4202,-0.310
4203,-0.285
4204,-0.285
4205,-0.290
4206,-0.260
4207,-0.275
4208,-0.260
4209,-0.270
4210,-0.270
4211,-0.330
4212,-0.270
4213,-0.285
4214,-0.260
4215,-0.255
4216,-0.255
4217,-0.280
4218,-0.270
4219,-0.310
4220,-0.285
4221,-0.285
4222,-0.265
4223,-0.260
4224,-0.250
4225,-0.260
4226,-0.285
4227,-0.270
4228,-0.285
4229,-0.275
4230,-0.255
4231,-0.290
4232,-0.270
4233,-0.280
4234,-0.275
4235,-0.285
4236,-0.280
4237,-0.245
4238,-0.195
4239,-0.155
4240,-0.125
4241,-0.120
4242,-0.065
4243,-0.050
4244,-0.045
4245,-0.035
4246,-0.020
4247,0.040
4248,0.055
4249,0.060
4250,0.055
4251,0.030
4252,-0.015
4253,0.000
4254,0.025
4255,0.045
4256,0.050
4257,0.040
4258,0.020
4259,-0.020
4260,-0.065
4261,-0.060
4262,-0.065
4263,-0.065
4264,-0.110
4265,-0.110
4266,-0.155
4267,-0.200
4268,-0.220
4269,-0.285
4270,-0.295
4271,-0.305
4272,-0.260
4273,-0.240
4274,-0.255
4275,-0.265
4276,-0.265
4277,-0.300
4278,-0.305
4279,-0.280
4280,-0.245
4281,-0.245
4282,-0.250
4283,-0.235
4284,-0.270
4285,-0.280
4286,-0.295
4287,-0.285
4288,-0.250
4289,-0.255
4290,-0.280
4291,-0.255
4292,-0.250
4293,-0.270
4294,-0.275
4295,-0.275
4296,-0.270
4297,-0.265
4298,-0.250
4299,-0.245
4300,-0.250
4301,-0.260
4302,-0.285
4303,-0.270
4304,-0.275
4305,-0.260
4306,-0.260
4307,-0.240
4308,-0.260
4309,-0.275
4310,-0.280
4311,-0.280
4312,-0.260
4313,-0.260
4314,-0.260
4315,-0.235
4316,-0.285
4317,-0.320
4318,-0.370
4319,-0.415
4320,-0.410
4321,-0.415
4322,-0.345
4323,-0.190
4324,0.010
4325,0.180
4326,0.330
4327,0.590
4328,0.870
4329,1.110
4330,1.355
4331,1.605
4332,1.720
4333,1.665
4334,1.465
4335,1.270
4336,1.015
4337,0.850
4338,0.860
4339,0.850
4340,0.875
4341,0.915
4342,0.875
4343,0.880
4344,0.845
4345,0.855
4346,0.870
4347,0.920
4348,0.935
4349,0.880
4350,0.895
4351,0.875
4352,0.845
4353,0.870
4354,0.875
4355,0.880
4356,0.895
4357,0.905
4358,0.860
4359,0.875
4360,0.850
4361,0.820
4362,0.875
4363,0.835
4364,0.850
4365,0.865
4366,0.855
4367,0.855
4368,0.810
4369,0.790
4370,0.800
4371,0.785
4372,0.815
4373,0.805
4374,0.845
4375,0.775
4376,0.770
4377,0.745
4378,0.745
4379,0.775
4380,0.785
4381,0.770
4382,0.790
4383,0.785
4384,0.765
4385,0.700
4386,0.685
4387,0.705
4388,0.710
4389,0.710
4390,0.740
4391,0.720
4392,0.695
4393,0.670
4394,0.660
4395,0.655
4396,0.650
4397,0.690
4398,0.670
4399,0.665
4400,0.615
4401,0.640
4402,0.620
4403,0.605
4404,0.610
4405,0.575
4406,0.580
4407,0.585
4408,0.590
4409,0.555
4410,0.510
4411,0.520
4412,0.515
4413,0.510
4414,0.550
4415,0.505
4416,0.520
4417,0.485
4418,0.465
4419,0.440
4420,0.455
4421,0.450
4422,0.450
4423,0.445
4424,0.445
4425,0.425
4426,0.385
4427,0.365
4428,0.370
4429,0.385
4430,0.365
4431,0.360
4432,0.315
4433,0.340
4434,0.295
4435,0.250
4436,0.270
4437,0.235
4438,0.235
4439,0.245
4440,0.255
4441,0.205
4442,0.195
4443,0.150
4444,0.115
4445,0.075
4446,0.040
4447,0.085
4448,0.120
4449,0.220
4450,0.255
4451,0.295
4452,0.295
4453,0.335
4454,0.385
4455,0.385
4456,0.390
4457,0.380
4458,0.410
4459,0.400
4460,0.360
4461,0.355
4462,0.340
4463,0.385
4464,0.370
4465,0.345
4466,0.375
4467,0.335
4468,0.315
4469,0.285
4470,0.280
4471,0.280
4472,0.285
4473,0.260
4474,0.245
4475,0.230
4476,0.170
4477,0.140
4478,0.095
4479,0.075
4480,0.060
4481,0.015
4482,-0.010
4483,-0.040
4484,-0.095
4485,-0.165
4486,-0.165
4487,-0.195
4488,-0.230
4489,-0.225
4490,-0.240
4491,-0.310
4492,-0.300
4493,-0.330
4494,-0.330
4495,-0.325
4496,-0.300
4497,-0.320
4498,-0.300
4499,-0.310
4500,-0.330
4501,-0.315
4502,-0.350
4503,-0.355
4504,-0.325
4505,-0.320
4506,-0.290
4507,-0.295
4508,-0.285
4509,-0.325
4510,-0.325
4511,-0.345
4512,-0.340
4513,-0.305
4514,-0.310
4515,-0.300
4516,-0.290
4517,-0.305
4518,-0.320
4519,-0.325
4520,-0.340
4521,-0.335
4522,-0.305
4523,-0.305
4524,-0.295
4525,-0.295
4526,-0.330
4527,-0.335
4528,-0.350
4529,-0.325
4530,-0.300
4531,-0.280
4532,-0.290
4533,-0.270
4534,-0.305
4535,-0.335
4536,-0.340
4537,-0.320
4538,-0.320
4539,-0.305
4540,-0.310
4541,-0.275
4542,-0.305
4543,-0.330
4544,-0.340
4545,-0.320
4546,-0.320
4547,-0.320
4548,-0.290
4549,-0.290
4550,-0.285
4551,-0.320
4552,-0.335
4553,-0.350
4554,-0.310
4555,-0.305
4556,-0.290
4557,-0.280
4558,-0.290
4559,-0.300
4560,-0.325
4561,-0.350
4562,-0.320
4563,-0.315
4564,-0.290
4565,-0.295
4566,-0.280
4567,-0.285
4568,-0.330
4569,-0.330
4570,-0.315
4571,-0.325
4572,-0.285
4573,-0.295
4574,-0.290
4575,-0.300
4576,-0.285
4577,-0.325
4578,-0.335
4579,-0.310
4580,-0.300
4581,-0.290
4582,-0.285
4583,-0.280
4584,-0.315
4585,-0.310
4586,-0.345
4587,-0.295
4588,-0.310
4589,-0.275
4590,-0.285
4591,-0.275
4592,-0.275
4593,-0.305
4594,-0.325
4595,-0.325
4596,-0.320
4597,-0.285
4598,-0.285
4599,-0.290
4600,-0.290
4601,-0.320
4602,-0.325
4603,-0.355
4604,-0.315
4605,-0.300
4606,-0.265
4607,-0.280
4608,-0.255
4609,-0.285
4610,-0.300
4611,-0.320
4612,-0.310
4613,-0.300
4614,-0.270
4615,-0.285
4616,-0.280
4617,-0.285
4618,-0.290
4619,-0.330
4620,-0.315
4621,-0.310
4622,-0.280
4623,-0.285
4624,-0.305
4625,-0.295
4626,-0.290
4627,-0.310
4628,-0.320
4629,-0.315
4630,-0.295
4631,-0.265
4632,-0.265
4633,-0.275
4634,-0.270
4635,-0.300
4636,-0.290
4637,-0.315
4638,-0.275
4639,-0.280
4640,-0.275
4641,-0.270
4642,-0.285
4643,-0.295
4644,-0.325
4645,-0.305
4646,-0.300
4647,-0.290
4648,-0.275
4649,-0.270
4650,-0.265
4651,-0.300
4652,-0.295
4653,-0.300
4654,-0.275
4655,-0.290
4656,-0.265
4657,-0.285
4658,-0.265
4659,-0.295
4660,-0.295
4661,-0.325
4662,-0.300
4663,-0.305
4664,-0.280
4665,-0.275
4666,-0.255
4667,-0.280
4668,-0.290
4669,-0.315
4670,-0.285
4671,-0.285
4672,-0.270
4673,-0.260
4674,-0.275
4675,-0.270
4676,-0.270
4677,-0.315
4678,-0.325
4679,-0.310
4680,-0.285
4681,-0.275
4682,-0.260
4683,-0.265
4684,-0.275
4685,-0.310
4686,-0.310
4687,-0.295
4688,-0.280
4689,-0.285
4690,-0.265
4691,-0.230
4692,-0.275
4693,-0.270
4694,-0.310
4695,-0.285
4696,-0.270
4697,-0.280
4698,-0.255
4699,-0.260
4700,-0.290
4701,-0.275
4702,-0.305
4703,-0.320
4704,-0.275
4705,-0.290
4706,-0.275
4707,-0.260
4708,-0.260
4709,-0.275
4710,-0.280
4711,-0.310
4712,-0.280
4713,-0.280
4714,-0.280
4715,-0.250
4716,-0.255
4717,-0.255
4718,-0.280
4719,-0.305
4720,-0.300
4721,-0.295
4722,-0.280
4723,-0.245
4724,-0.265
4725,-0.260
4726,-0.295
4727,-0.265
4728,-0.230
4729,-0.195
4730,-0.145
4731,-0.135
4732,-0.105
4733,-0.065
4734,-0.060
4735,-0.020
4736,-0.045
4737,0.000
4738,0.015
4739,0.045
4740,0.030
4741,0.045
4742,0.035
4743,0.025
4744,0.000
4745,0.000
4746,0.035
4747,0.015
4748,0.030
4749,0.025
4750,0.000
4751,-0.035
4752,-0.075
4753,-0.095
4754,-0.100
4755,-0.125
4756,-0.135
4757,-0.190
4758,-0.180
4759,-0.250
4760,-0.285
4761,-0.305
4762,-0.285
4763,-0.275
4764,-0.240
4765,-0.265
4766,-0.255
4767,-0.255
4768,-0.290
4769,-0.300
4770,-0.265
4771,-0.270
4772,-0.260
4773,-0.225
4774,-0.275
4775,-0.250
4776,-0.265
4777,-0.290
4778,-0.295
4779,-0.310
4780,-0.265
4781,-0.280
4782,-0.260
4783,-0.265
4784,-0.290
4785,-0.280
4786,-0.320
4787,-0.280
4788,-0.295
4789,-0.260
4790,-0.235
4791,-0.245
4792,-0.255
4793,-0.275
4794,-0.285
4795,-0.285
4796,-0.265
4797,-0.265
4798,-0.260
4799,-0.245
4800,-0.245
4801,-0.280
4802,-0.305
4803,-0.300
4804,-0.305
4805,-0.270
4806,-0.270
4807,-0.300
4808,-0.345
4809,-0.360
4810,-0.405
4811,-0.455
4812,-0.385
4813,-0.295
4814,-0.135
4815,0.090
4816,0.260
4817,0.485
4818,0.700
4819,0.970
4820,1.195
4821,1.430
4822,1.660
4823,1.695
4824,1.600
4825,1.420
4826,1.195
4827,0.940
4828,0.805
4829,0.835
4830,0.855
4831,0.850
4832,0.910
4833,0.910
4834,0.885
4835,0.880
4836,0.855
4837,0.865
4838,0.885
4839,0.920
4840,0.900
4841,0.880
4842,0.880
4843,0.880
4844,0.865
4845,0.870
4846,0.850
4847,0.870
4848,0.905
4849,0.895
4850,0.885
4851,0.865
4852,0.840
4853,0.835
4854,0.825
4855,0.850
4856,0.865
4857,0.845
4858,0.820
4859,0.850
4860,0.830
4861,0.790
4862,0.810
4863,0.805
4864,0.815
4865,0.785
4866,0.785
4867,0.785
4868,0.775
4869,0.740
4870,0.760
4871,0.755
4872,0.775
4873,0.795
4874,0.780
4875,0.770
4876,0.710
4877,0.695
4878,0.690
4879,0.690
4880,0.735
4881,0.720
4882,0.720
4883,0.695
4884,0.710
4885,0.670
4886,0.655
4887,0.625
4888,0.650
4889,0.655
4890,0.640
4891,0.630
4892,0.630
4893,0.620
4894,0.575
4895,0.600
4896,0.530
4897,0.570
4898,0.580
4899,0.585
4900,0.590
4901,0.505
4902,0.480
4903,0.510
4904,0.530
4905,0.510
4906,0.505
4907,0.505
4908,0.495
4909,0.475
4910,0.455
4911,0.435
4912,0.435
4913,0.415
4914,0.420
4915,0.450
4916,0.410
4917,0.385
4918,0.365
4919,0.350
4920,0.340
4921,0.345
4922,0.325
4923,0.350
4924,0.340
4925,0.300
4926,0.305
4927,0.260
4928,0.215
4929,0.230
4930,0.255
4931,0.220
4932,0.200
4933,0.185
4934,0.115
4935,0.120
4936,0.060
4937,0.055
4938,0.075
4939,0.155
4940,0.240
4941,0.285
4942,0.340
4943,0.320
4944,0.365
4945,0.345
4946,0.380
4947,0.385
4948,0.395
4949,0.385
4950,0.395
4951,0.370
4952,0.360
4953,0.370
4954,0.360
4955,0.370
4956,0.355
4957,0.360
4958,0.330
4959,0.320
4960,0.320
4961,0.270
4962,0.295
4963,0.250
4964,0.235
4965,0.235
4966,0.210
4967,0.185
4968,0.135
4969,0.070
4970,0.045
4971,0.020
4972,-0.005
4973,-0.030
4974,-0.055
4975,-0.085
4976,-0.160
4977,-0.170
4978,-0.235
4979,-0.245
4980,-0.250
4981,-0.265
4982,-0.280
4983,-0.285
4984,-0.325
4985,-0.325
4986,-0.335
4987,-0.345
4988,-0.340
4989,-0.305
4990,-0.300
4991,-0.315
4992,-0.310
4993,-0.320
4994,-0.350
4995,-0.345
4996,-0.325
4997,-0.320
4998,-0.325
4999,-0.290
